study_hours,social_media_hours,youtube_hours,gaming_hours,sleep_hours,phone_unlocks,assignments_completed,distraction_score,distraction_level
4.745071229516849,4.389266321297463,3.399355436586002,2.2783610761666377,6.324821725025618,66,6,14.61668110553193,High
3.792603548243223,5.864124960705196,2.924633682912769,0.9488142836714666,6.8554813292844825,103,7,17.47392369075764,High
4.971532807151039,0.9021486392712884,2.0596303699201743,0.6818011165776928,6.207580079000039,102,4,3.9000458558516655,Low
6.284544784612038,3.844453855035856,1.353063222294426,1.496625542589048,6.69203847036096,54,6,5.98493645177339,Medium
3.648769937914996,2.02403614631726,2.69822331361359,1.3298153774750716,5.106385333046214,87,7,9.631883111132552,Medium
3.648794564576229,2.269311924352956,2.3934853854217497,1.0467719506727249,7.213293707372938,88,8,9.149203981319642,Medium
6.368819223261087,2.111409113641696,2.8951932200277324,2.1963874474567158,7.001205475362224,20,2,4.40515411734679,Low
5.151152093729364,1.704013845480276,2.6351718016819694,2.4553052085705107,6.182911368931809,87,2,8.894667670030483,Medium
3.295788421097572,3.0727824419172407,3.049552715319335,1.5884068862918477,7.659245668432405,31,3,10.503025097750822,Medium
4.813840065378948,1.7535748253834431,1.464764788439432,2.977530081055262,7.937570137626558,79,4,8.388596897468137,Medium
3.3048734607813066,3.4056852386697583,3.3173940656343257,0.3583108858664949,5.392440135631026,46,9,9.846773156352038,Medium
3.301405369644615,2.9246428358262944,2.1975996046924,1.306340540720282,6.237275221433785,75,0,10.556258105664828,Medium
4.362943407349051,2.6415779297003854,4.0752608726252655,0.7831776793971951,6.230857650212702,42,6,8.51798741610948,Medium
1.1300796330133034,1.6386545069376033,1.310812181910432,0.0,6.060096898891136,44,8,5.748407837220901,Medium
1.4126232512304506,2.134843004147501,3.735963803165249,1.4173193141573008,7.829474841931749,40,7,12.589335464511802,High
3.156568706138541,4.133086838738635,2.197910783462648,1.3782524916167165,6.8061738612271965,80,4,13.584691776696864,High
2.480753319498364,3.751375781436571,1.3485819963855517,3.013449743242131,6.735485158689389,82,3,15.931394064688185,High
4.471370998892911,1.5336671328021734,1.5161141659456785,2.1308116845547778,4.996137635593247,71,6,6.446072385293055,Medium
2.6379638867181834,3.1489984581438386,1.6796526918056798,0.475813175670795,7.635418030209227,107,4,11.162156475260511,Medium
1.8815444479970629,4.127080685057684,2.4241659464019163,3.354092566334188,5.760741605146528,44,6,17.97627875039102,High
6.198473153382331,0.4958920783179423,2.5228354880355,2.721033695525353,7.059932630266328,74,0,4.620395049666346,Low
3.6613355492701967,3.815040288569903,1.426299996061421,2.082097703468616,7.277376937958191,65,0,11.691722654263875,Medium
4.101292307031886,2.00606436158123,1.975645407739017,1.273515901150168,8.36065859583865,51,9,5.920690176523493,Medium
1.8628777206798144,3.855898002889739,4.142270358611864,0.5405607632765203,5.691179600880888,74,2,15.912006489230592,High
3.183425913212226,1.8551112651862247,3.727543170100711,1.127793223928947,4.0,115,1,12.531984863563071,High
4.166383884564799,0.2926768490032216,2.436323669674032,2.588748619704186,7.183849544753695,24,1,4.367760615078666,Low
2.2735096338665457,0.558686343175256,2.0380034781682004,3.384586305934609,8.800511181510853,55,6,10.283286064672213,Medium
4.563547027518508,3.072127419992073,2.1200313267182613,3.043243528272189,8.238946352939438,68,9,11.965468345328157,Medium
3.0990419651217924,3.3895837525822228,2.6135179727304165,1.011150578213726,7.209659415274626,77,1,11.923182673004836,Medium
3.562459375310085,1.6435250623433872,0.9772074348015944,0.3803825667109888,6.508363814367953,58,3,3.0699373473460163,Low
3.097440081655905,3.9578886881660607,1.7426234625766548,1.640886246911204,7.80712259663731,99,1,14.115324941535652,High
6.778417276763406,0.5077199065965603,0.3314159261224105,0.0,6.026453800295531,116,5,-2.855062212768372,Low
3.9797541628930992,2.900880302029025,2.39922312260528,1.8231677141847813,7.476357769356219,104,7,12.277299471995883,High
2.4134336065661497,1.183475700356315,2.647195939702741,1.3523974137013313,7.505470159166627,80,9,9.422389727820182,Medium
5.233817368154783,2.022245838296761,1.516813537700626,1.0339634981317578,8.06020990749888,28,3,1.9369129271758032,Low
2.168734525043466,3.071098006974621,3.5739867632900326,0.0,9.759660038911075,25,4,9.50007437131909,Medium
4.313295392507133,1.7093799520740711,0.7742343369976588,2.0136001065697164,7.392415967178767,54,3,4.837368534023364,Low
1.0604948141803368,2.423166683655262,0.5356251197901798,0.9672991603380886,6.491036374292501,58,2,8.893627146401466,Medium
2.0077209266523544,4.509439213821661,2.224451818559972,0.3300831642897119,6.974425687808005,41,4,12.054141094084171,High
4.295291853803685,2.134662195715277,3.0470983026121545,0.0,5.230924095110882,60,8,5.3970340646432575,Medium
5.107699869993116,4.2535381680977125,3.683927691457869,1.4724850949493635,6.305286868910942,24,7,10.51638825829128,Medium
4.257052421784956,1.3054397180135728,1.54111573713106,3.272251596669744,6.590717561886896,61,7,8.131477602385791,Medium
3.82652757641764,3.794706266872924,3.078680833431296,3.16125921454787,6.475911602065407,106,7,18.090160848362075,High
3.548344456616067,5.1623529309868506,1.9614915304992928,1.0429037434137285,7.152354872033722,100,7,15.030233959625996,High
1.7822170144488592,0.0,1.8273727000591804,0.8977879396382195,6.177580067617799,95,6,6.613309407691921,Medium
2.9202336874079373,1.8046571167942849,2.8836599374866725,1.968774256075024,8.121030667324472,106,7,12.79200212085672,High
3.3090418435603186,3.8656081907708097,2.65232287841342,0.5016145608117085,7.000207064918197,99,7,12.69936705544469,High
5.585683339328374,2.695431920935511,0.4236078430157506,1.801791899819466,6.990699678861386,86,7,5.551334397041018,Medium
4.515427434352692,3.5567188100569638,3.476540349725896,2.26608027838469,6.672105283487082,49,9,12.53726754994311,High
1.3554397669558993,2.094022219926269,3.3800913541474515,2.726933223884308,7.155190683858979,76,6,16.478888268408483,High
4.486125954092192,3.12988468120935,1.3744372984904705,1.399845923520047,7.825098264667635,105,0,9.641928226056212,Medium
3.422376579375525,2.7664841469118806,2.395803533437409,1.296326249823034,6.1328697842891,92,3,11.185761224562654,Medium
2.984616999541062,4.751673092489711,2.494030186282739,0.622017413243439,6.341883510924744,48,3,12.411500791578815,High
4.917514433261302,3.38163126495182,2.260673765823907,0.67311964596014,6.696273971223335,56,4,6.924240820667828,Medium
5.546499283743927,3.5064039931128037,1.4496948461545798,1.2735211080984732,5.654129076526785,106,9,8.71464354603853,Medium
5.396920178674298,2.382184550816299,1.3283766320619486,1.867365506816178,6.180742140278502,32,5,3.9962847953464298,Low
2.7411737151660422,2.26859066389126,1.9744459290085548,2.413584626233249,6.523779126455341,51,3,10.764258901012788,Medium
3.536181436223178,2.3511627182705688,3.1727290192593647,0.6968210493196552,7.874389180712727,65,1,8.800788909734727,Medium
4.496895147105346,3.591678213567445,2.5436001545944324,2.992688568959521,7.262561329001925,42,5,12.338791076287569,High
5.463317690683539,2.3685232787696053,1.629385667913894,1.2288763989574312,7.193589911367544,64,7,4.643901321299605,Low
3.281238643232065,3.43466228534462,2.771698710648345,1.4786327056515638,7.850897962167972,36,7,10.862280083116788,Medium
3.721511535004274,6.113101197968158,0.0,0.7527883208521766,6.862628211600604,104,6,13.34951173513426,High
2.3404975389909577,4.306687055147538,3.1487657003721035,0.0,7.39046484992889,85,5,14.075776352366798,High
2.205690063878994,2.510964701748238,0.2602862212219003,2.3840453963610497,6.896778247067504,25,1,8.121914432232934,Medium
5.218788733591297,4.8018208832459175,1.6375590585968678,2.2368438970924336,7.265362349399629,37,6,10.55548504818506,Medium
6.0343600428562345,2.387886940467673,0.8803301053738561,1.2186724428817866,6.417241342388418,113,4,5.132073860475352,Medium
3.891984817629499,0.0,0.7053185242790942,1.5669907172248718,4.561182841723571,41,5,0.4039819944241376,Low
5.5052993468380365,1.487870533623894,3.1608267873785194,2.0159392177041,6.865720837813696,52,9,6.09091066346671,Medium
4.542454037571451,0.1938121184612162,1.5322987986881087,0.0,8.42274813609994,49,7,-1.6776086214025812,Low
3.032320368092313,2.472729773938037,2.346503881730716,0.9709473226537052,7.926215402241592,100,7,10.858629463641089,Medium
4.5420934082626205,3.0276275687843275,1.953079421120816,2.294264679621828,7.965397484591171,51,2,9.310263516099605,Medium
6.307054849698954,5.514655968412924,2.4770408272231217,0.2457105768307506,8.236130721806218,61,6,8.825712056773602,Medium
3.9462609413350727,3.490391060646244,2.076821891060255,1.7935579321666293,7.0886575909614375,97,0,12.61373941021352,High
6.346965483721009,2.6713492067867035,0.7170077758114304,0.1434181953765949,7.197315707405596,29,0,-1.3654017575377717,Low
0.0703823438653836,4.2441083717752335,2.99626681944714,1.9664299824335263,6.38234810456565,55,6,19.55990342179016,High
5.232853756562836,0.0,1.5062434168386876,1.4643585177025165,6.683927143972951,53,9,-0.0111984741811888,Low
4.130570602357257,3.353421837162849,0.4434181013402489,0.0,7.615771149771142,92,8,5.776114922800186,Medium
3.551488974301199,4.15629779083045,1.5718848390340874,2.664739354457171,8.203884437168817,47,6,13.022668087674578,High
4.137641164803253,0.7821206313302378,3.500759790634311,0.7654084232019508,6.860553724319001,30,9,3.6397360478109633,Low
1.0186466280986606,4.715631064810394,2.8502217421134928,0.689747562985619,6.549810735148588,97,4,18.408119926614276,High
3.670492168243732,3.507744611241621,1.6513478655921408,1.700569197230943,7.000527958856598,58,7,10.287911162967742,Medium
4.53566885726762,2.377068129148798,1.6507422956815712,2.648637349428715,7.601206748929115,66,1,9.024021114775952,Medium
6.216841067112274,3.949172799159427,1.678364948782617,0.484178181021603,5.556145183866458,38,8,3.9589877828675775,Low
3.222594672589529,6.406039286706594,4.076747983560841,1.5616798498479716,4.703819046862762,34,5,18.9166682395661,High
2.787259595660218,3.272799382587743,2.381935452231553,1.9288165003305728,6.449463150508416,47,8,12.145245550693634,High
3.247364434623196,3.372330879450504,2.4300416471910697,2.193105607263144,5.779287574085841,43,1,12.054888792279105,High
5.373103176553111,2.310958650689634,3.030283454031842,1.6764415552772252,6.491859802352689,91,2,9.010570828151817,Medium
4.493126664489527,1.7252334458028122,2.238789159026513,1.1329721609166776,6.852219681182529,28,7,3.73490495524446,Low
3.2053596943494416,4.245503724816368,1.740957854179297,0.6724097793512803,6.546751590976987,66,0,10.93922424808008,Medium
4.769901149670034,1.7158742611366993,1.8036501509150216,1.5861438830463748,8.452467534470745,52,9,4.75465979023363,Low
4.14561632402206,3.107349355829089,1.928398740585936,0.4278609880143931,7.32674476460232,81,6,7.794594312532777,Medium
5.452967485799334,2.2835138298523248,1.9627777634901584,0.0,7.300474359610829,116,6,5.131743076240888,Medium
2.9469203591839714,3.718469738619588,2.72762954363698,1.936559804157668,7.622207144043402,38,0,12.88112286223402,High
3.508506780103348,3.500493157930422,2.0519458858072994,2.403934841086196,5.861166882219231,86,8,13.92401465658916,High
3.4118377703017635,4.556309916386849,2.732640077215579,0.0,8.039111787420268,93,7,12.743823293144423,High
1.804727577801822,2.23497540171788,1.9192834198914177,0.4902692952900624,6.92423571346454,59,3,8.572323157150276,Medium
4.444180415596864,2.595187597059943,2.0786351903160907,2.119154261005198,7.670480617241212,66,9,9.180365878209123,Medium
4.391582908269834,1.531854426326539,0.0017993154678923,3.5574954697116987,5.928142766959844,84,4,7.7940244028735615,Medium
4.007670184963692,2.3335601098858327,2.9163276747024813,1.520793707675408,5.446241233983936,48,1,8.471693869730665,Medium
3.64811929993728,3.5659507395672785,2.346488475897993,0.7719970587708656,7.817889658025028,69,8,10.173449360617358,Medium
1.8769438869243784,4.135482924968028,2.9980101098596523,1.3171035588951598,7.376409526097516,117,5,18.436772302129285,High
3.3690320158519613,1.6167520137335618,0.0,2.874876419148185,6.09794844564249,32,2,5.529708841985551,Medium
3.485928225209846,4.3044088801584905,4.088374704780728,0.8540358208754647,6.130336918725305,20,6,12.220559121424236,High
2.796584096167572,5.033456788207427,1.8604103718448264,0.7008079933497464,8.12543478441477,53,8,12.714268976630228,High
3.7580714325009854,3.620152354835551,3.1081828167375165,1.0172564778179676,5.810588107132672,112,2,13.899984741661836,High
4.606076285221808,5.815193718837099,0.9600940728744692,0.5466713917412876,8.642672953255964,67,1,10.604756902635764,Medium
6.829278851815795,1.8393162013446405,2.6127739050625696,1.6226703159947955,6.099379265352131,96,6,5.399215614549032,Medium
4.261866719247759,1.1330179450328743,0.946584436826344,3.1246784584695604,7.638391925608383,67,6,6.892469383372747,Medium
4.386325586084147,0.331919626643582,1.3762310393041948,1.823079273116029,6.671381524251015,68,3,3.1948559793492954,Low
3.888331126350749,5.244066467233775,3.914031353866786,1.2476464978737123,7.603187431082343,83,8,17.17197627148903,High
1.1218431770514377,3.9815484845310873,1.8093175992366533,1.208188731084456,6.455885997885807,80,7,15.410686064508909,High
3.9602291868261754,2.9166229936343173,2.217432873179723,0.0,6.837207093927706,48,0,5.619051516798958,Medium
4.09034531491154,3.4199529394797303,2.870067730688754,2.383109777147159,7.040919175395721,58,0,12.6757090569196,High
7.694863168727929,1.3117664290524351,2.4956818879726046,1.422162802987198,5.997812544218528,107,4,3.01908654294628,Low
3.711458552828317,6.66862796942524,2.1504189051435763,1.3195200864093743,7.740824345420126,45,5,15.88473664014212,High
4.452321013500419,3.193831772962841,2.364961002466225,4.69310756784486,6.486786433528414,36,2,14.442838665064112,High
3.947932345442135,3.1640921919073395,4.403415585238275,1.798752908365686,6.771400084659981,90,8,15.108915060240257,High
2.246982943570702,4.0886499358480375,1.9423812029664147,0.7482089499048157,6.005650625391488,32,9,10.816815160599274,Medium
5.71423422177253,3.72151384760507,2.201099046714968,1.0736424037944567,4.4376663412046895,88,5,8.720609740212712,Medium
5.127899549030161,3.335826036418697,3.050654396007612,2.648445709196755,6.808972237399831,45,3,11.102675761697082,Medium
5.18654792056457,1.814288316832032,3.105525932957984,1.6132704105377644,9.412615421612916,68,6,7.133584473329714,Medium
2.635918817807892,3.7072025357039937,3.18703030556038,0.0617220216826333,7.784604287898023,86,7,12.664516346401983,High
6.104191466404149,5.82303674471255,2.6387302220291846,2.4192289345752034,6.980739620265606,26,8,12.586339492013062,High
1.8972234058115784,5.018130069232466,0.8569950872695165,0.831855914461006,6.737109170791732,77,5,13.989629489573854,High
4.880285640700405,5.389779939959095,3.633431532301096,3.3732977762175453,7.022465892812046,68,5,19.05587426975432,High
7.285683438714968,2.2331764853532223,0.853654606981312,2.5800480657146485,7.54711911517521,72,7,3.5784058545352586,Low
2.514195512303967,1.5155927696121287,2.302635465239033,1.0526781043412488,5.819187184691155,84,4,9.019201677309352,Medium
3.150553405595842,2.811319619850528,1.2457241499806422,2.781016361735113,8.114321694668872,81,2,12.377428079748482,High
4.1494770476314615,3.083587368433042,1.9358616534070077,1.5678555105274032,7.715381315441244,36,2,7.782462666584209,Medium
3.244786518825701,4.641287277706423,2.3287624103034803,2.3527736751222195,7.718185725707935,62,5,15.714085742873957,High
1.6740048534008007,0.4613030554277708,2.321357215450273,1.9847328172944747,7.438475738809728,44,1,8.0631002885187,Medium
4.102844462209041,5.29432547919092,2.421920754235285,0.6536433450091265,7.01961665769399,22,5,10.47455208643946,Medium
2.4065444294108427,2.762988152131516,3.613711269058647,0.856450167682538,7.67286123596682,98,5,13.949626899099812,High
4.710388645952772,2.35967839507887,2.45353430151398,2.529960817581161,7.591814133741378,48,7,8.793996908661875,Medium
2.620863648649295,1.4818434371097489,1.7558433647093512,1.165224667893459,6.645959289058976,51,6,6.546605784096499,Medium
6.324901607526309,0.5177149922013458,2.964087168288357,1.0963515367580032,6.426398227103099,45,7,0.4369113990617705,Low
2.825120061495644,4.234755875942872,3.1894704889246404,0.544877420650647,7.101856295261987,35,8,11.855792234330533,Medium
3.5169077256914867,3.109976950782606,0.7723921848630075,1.9235990655934607,8.549020151495187,44,5,8.150378721509416,Medium
5.220275826054505,1.0650586503884192,2.597400069849858,3.562524919243145,5.760892924346099,73,2,8.970853504956159,Medium
2.153703525349067,1.0573818419045755,2.701172742310898,0.4324670857457271,5.53247473424756,47,9,6.1509016807433525,Medium
4.341189901906194,2.4963229510648075,1.702436496640008,1.524219456672758,7.164760841236517,92,2,8.68295470757585,Medium
5.960714131423642,5.503532287934089,3.3757068133116195,2.912220555415429,7.050887701856018,75,0,16.703994709531003,High
1.588775148158159,2.610612972954593,1.8499444129674731,1.4203586087542848,7.173341664370408,84,4,12.653697060631728,High
4.276950787798456,0.7452855703228405,2.1255764534715422,1.952371796249734,7.243953197908501,112,3,7.76825323165478,Medium
4.389824191372635,2.631385403871084,1.8269281757161304,0.4376064718531203,6.776797745365195,105,8,7.543639727963651,Medium
5.172734307665966,2.5909146453784944,2.0155790475814674,1.9283070972076488,8.489863438602082,99,8,9.252710595045537,Medium
2.144573933682877,0.0,0.9037249131047982,1.3128557349954513,5.3990960215234844,60,4,3.764437939123784,Low
2.0193150803735858,2.918557700223282,0.5599491174057056,2.485729995679863,6.171502975219754,70,9,12.11952644735447,High
4.782912348425347,2.653598204686983,3.594505063224972,2.687386051564751,6.896745239850953,90,3,13.399357584702908,High
4.445477009849779,4.044309547220127,1.1530386516816722,4.089563642018614,5.356811188845833,97,6,16.179088841225326,High
4.375739275518815,5.773434142418018,1.0086076505436927,2.079633173213576,6.824145595567929,48,5,13.0554371938005,High
4.519672314245463,4.689847544321636,0.0,1.8257963165821665,8.661470165728018,102,3,11.35177925043941,Medium
2.979962917632264,2.596666964167754,1.3610382523104978,1.694384301577336,7.020886488295962,38,9,8.053715533507532,Medium
4.348380545741505,1.3402111368874945,0.6769102065925017,1.1468337071893115,7.230700905718684,85,1,3.716884179430109,Low
4.439608709948022,6.86003970487479,3.642015160136369,1.8384838434616912,5.73983523482742,60,0,19.200656771955487,High
2.928472872960448,3.0888276510217323,3.009817089342634,1.2045985898609706,6.383638591960523,64,3,11.908868806338685,Medium
6.798661766717135,3.0208939378694195,1.3118496548222762,1.6684609762696143,6.624803619676063,34,3,2.848491660435778,Low
4.710749381367681,2.963812369334995,4.252435805344309,2.81759753560796,6.682284903243766,22,0,11.975349445850853,Medium
2.213044754196027,3.2971271411517824,2.9817654869915944,0.4934574347203588,8.281643795003768,30,5,10.234250250937636,Medium
4.984830412950744,2.7834593821140863,1.6751686164913775,2.6398785611290454,7.557691060725125,72,3,9.482183191797212,Medium
2.537977494659018,2.1395069896796457,0.0,2.817115067339865,5.888542043062968,65,0,9.356277872050494,Medium
5.1806269056136784,2.179711588139412,4.290942572590742,1.3819314730089212,7.246504778432005,49,0,8.23875962276226,Medium
5.737893368511106,2.9508700946760023,0.610427533236404,0.0,7.4982217484967855,76,0,2.0105414364399525,Low
2.7689765224724345,2.1848628432993524,0.3546012530431082,0.8921780129055675,8.140149038521267,37,7,4.382518808265852,Low
5.445064193866482,1.9307313259842536,3.0225704320096405,2.796994546561109,8.580540686568373,70,9,9.321711102305462,Medium
4.619171390404747,3.1596453415378454,4.439752406339273,1.4771319377011178,5.984905808172131,67,7,12.354426082379714,High
5.233090239991735,2.617534173868717,3.384272818510518,0.5006977677050892,6.1891424887896616,85,1,7.713237750925789,Medium
6.845189473980922,5.255989482874033,2.56390912005236,0.9952250787717826,5.742422141085384,115,6,11.83050859239879,Medium
3.631917825995694,0.0,2.594754341665286,2.340620026504553,6.765980140893019,27,7,4.4754948265134935,Low
2.869395753463765,4.637260277883692,2.853415558780308,2.0467335682013794,7.466358374446335,41,7,15.394017400144955,High
2.665728355561715,4.869127788746443,2.7589285897867653,1.2610679008303056,7.987334516589102,25,9,13.650191730491072,High
2.776284572551843,0.0,2.281191423969376,1.1331755881853125,6.9240489763574775,95,6,6.273711453496925,Medium
3.884347435878844,2.485968608879477,2.104201103951876,1.108241850956178,6.680152476745156,76,4,8.31820142178086,Medium
4.511727962224966,2.4428387010063126,1.9374068721004776,0.5775898155014975,7.15175799224874,55,0,4.929375397828888,Low
4.415036198995028,0.8887324579232683,1.2460354111333238,3.1153756894694418,6.164857098369977,98,8,8.154715112992864,Medium
5.240774873554036,1.833274968613687,1.719324923133226,1.17767953078866,9.089538721694773,111,6,6.28973407317348,Medium
4.0195028378168605,1.3341362318012568,0.3070431858046145,2.7171585208254965,5.392338972881941,76,1,6.333900027235139,Medium
6.180301115735976,5.628405665135434,1.9016603732052504,3.021316051922452,7.184740578895725,68,5,14.281482320319684,High
3.603014750143066,4.403517589721192,1.0114088928490823,2.4983108981479605,9.02360621922964,64,1,13.116248189797332,High
8.080253749884427,4.907332642491238,0.8964106827842291,1.0683796872819515,7.006799844559998,101,0,6.225660058896082,Medium
4.938501021647509,4.082508096064853,2.1798941511534786,1.9037300903366092,6.809960964998505,85,6,12.084566067061882,High
2.7142636653755763,1.3064223431741562,3.3920022863445998,1.475804393609084,6.642554577189573,96,1,11.381061405020017,Medium
2.3936612529083314,2.21321960058034,2.918316606002313,0.5962981392698719,6.819608318237592,64,1,9.606018509341396,Medium
4.723708622864778,3.734061841841877,0.429499396376823,1.824359281721603,8.37284847467653,98,4,9.575528407395028,Medium
3.664805822011224,1.166808286662082,1.0103718634296626,0.3209602088401975,4.788138088670493,39,4,0.9438860531322176,Low
5.071000741138138,4.069497645258582,2.940771187988216,2.6876793884615635,8.533433701296325,83,6,14.469009737715409,High
4.709856436860317,2.6395119027627976,1.0175126064616904,1.035382702701607,5.576042847549855,112,0,7.41127346533087,Medium
3.890756631014691,2.437768788675604,1.7753668500029751,1.7011596558728392,6.7333476707655855,112,7,10.704772217579311,Medium
2.7298094228973926,4.066439952305237,2.550052099024552,1.7832878715461422,6.570755579701338,86,2,15.7298196618935,High
1.7277291629712028,3.66639496722906,1.0316555451363647,1.2410950262959226,7.58855326977072,102,3,13.870869560297706,High
3.3302275718994685,2.45855075127138,2.10537550614596,2.086693801475275,5.401875648116253,22,8,8.353211006863047,Medium
5.284598191485209,4.738994705046372,0.6659745050817956,1.0250963433774756,7.462172666081943,73,3,8.250246567242574,Medium
4.321140616195306,1.378405008600154,1.3986323560487863,2.371297297457244,9.024309623286852,97,9,7.965642221895016,Medium
2.131391831932018,3.923903410416396,2.319781934142537,0.1540203197532514,5.6368259954071895,83,4,12.588432613655073,High
4.259771388776773,3.889651886952576,0.4070062664683307,1.6263795795464118,7.189706167610396,59,6,8.20291524953531,Medium
4.577976069593255,2.5356803410290145,2.440474737960399,3.4389289990582848,6.338017822203391,78,3,12.642966682725316,High
2.6742138456983007,3.489199533363177,1.9803622010733188,0.4996686753944253,7.425887206193035,74,0,10.636958950577734,Medium
4.230587658918292,1.1233296354220457,2.5524899544171475,0.8222550294751485,7.0191477774157525,81,8,5.424022773042671,Medium
4.087313077669,4.386040528810352,2.2239141340646613,2.013907849658915,6.35851309095569,23,3,11.154798341532024,Medium
2.285544553254065,2.7226467953355167,3.364140429973844,1.679581781939598,7.487872284871074,79,8,14.3723509696299,High
4.536681040522425,2.2159154692214407,2.125224502647907,1.8506300992735591,8.804348109786742,94,5,9.215906330178225,Medium
4.841176789552351,4.573513838755334,1.570594458874747,1.989187130147664,6.809096208272702,114,0,13.919528441789588,High
5.624576864762916,1.943484464185861,2.122297503032284,2.1347214685617697,7.719757942148182,115,2,8.652992822899312,Medium
5.5807030780523545,0.8873080554546604,2.543298029036388,2.609699841956223,5.706727042128836,110,1,7.937908221297818,Medium
1.933495948064364,0.6650562397141444,2.0488600703257043,1.9098186569285125,6.043563623181991,49,8,7.772795976677323,Medium
2.593262440127316,3.9090149270184593,2.040591691203882,1.2587423453814577,7.472406277880378,21,0,10.556508421414682,Medium
4.77255290081299,1.0793559712555754,1.2980083121932446,2.1725737012027317,8.484116028535965,81,8,5.342042461986996,Medium
4.770678926368313,5.632191272976547,1.3370990824490518,3.399881934895216,7.35561334878566,68,8,16.31377664986463,High
4.772571529459071,0.0,0.5973947282003065,1.3673662536174265,6.6869419694768455,28,7,-2.128032694653294,Low
9.779097235982082,5.544684552435058,3.7495767431869393,0.5254706953293585,6.999291405423354,111,7,8.646029756336121,Medium
4.85633576603975,3.316526200803928,0.7561367646087149,2.607080669286973,5.749592266030282,50,0,8.196915238035249,Medium
5.703348460270899,2.8549303321944115,1.307094802204093,1.3796188360464017,7.604515326355367,117,7,7.724717849381419,Medium
5.431002645239803,2.1826213697865757,1.281592734430803,0.0,7.88233306232341,80,9,2.1411278733596504,Low
4.977086876958697,3.598704171528106,2.894924376944441,2.3474216771504217,6.54790966716692,98,2,13.669007947335675,High
3.527096133039481,2.9435479463627274,1.7050503217079722,0.9646718140460772,6.529957852240498,67,6,8.433370803820345,Medium
5.138453830739901,4.654952823024782,3.247742072673734,1.4094667176958393,7.265878229652048,44,0,11.49277144434199,Medium
2.8407621781936423,3.17134147299306,1.3265093757561317,1.8319803305690143,6.563280263959404,55,0,10.48526440346788,Medium
3.6447720898899862,3.2254526421928165,2.278994162223802,1.6904996797790663,6.933867385374177,27,9,9.133237752444488,Medium
3.271954678256345,2.4545816816792163,1.164652946740243,2.20945181713904,9.099721789166516,92,4,10.76711440036236,Medium
4.122811209079484,2.9145815644183988,4.145149127773388,1.0645136294301567,6.752974299254003,77,4,11.841697265737968,Medium
7.471987850010263,3.461702653338089,0.8124015809704872,2.013105798176083,6.641659847978778,64,7,4.160237499468678,Low
1.199102211112378,0.4347474110150617,2.309820710227028,1.2404533224160827,6.352458194364841,81,6,9.066479215534264,Medium
5.02939028556177,0.9777218668414304,2.6337768809320985,2.238810480887503,7.744191971499937,58,7,5.739644588513361,Medium
1.5809261932155223,4.114896141034072,2.4137990974514985,2.1153674840130536,6.818775826781897,115,5,19.459836606448214,High
3.29210220131585,3.256298157191913,1.814712341122292,0.5645612979554047,6.350626961678574,77,5,9.275634120004296,Medium
5.633425895451049,2.724024995470981,1.8701793002665736,2.5859821161750323,8.321304032273012,100,1,9.975144330515311,Medium
4.096420028643194,3.0276508995980898,2.0438114719791094,0.964036554885952,8.419603004513638,118,5,10.804462073971957,Medium
2.3833828331060407,3.521372558042507,1.8529979983715117,2.308057798281145,6.399576434261295,102,4,15.963283460545512,High
2.927044436110048,2.1903604795359577,2.9638791167949097,1.8672873134013408,5.133460048639384,83,2,12.32054760690189,High
5.019396623402014,1.832542911896531,4.210523001591351,3.3381836767951225,8.007513689836923,63,5,12.27814274466731,High
2.904450052424295,3.2937678826465224,1.4425082149921664,1.276534017628148,6.315370174239996,48,7,9.347691044401149,Medium
4.324687884372962,1.532440833577452,0.6301970204209222,1.1506832038818025,7.790625599162769,78,8,3.7245117789904487,Low
4.06835775985572,3.612379133571708,1.9117179516487453,1.4805803941122675,5.029896182288164,90,0,11.450959343057487,Medium
3.022599478591274,0.4461245936432396,4.579709337654318,1.1968202171657245,7.892597338299309,111,2,11.171554410212494,Medium
7.215916133987989,4.543733455988465,1.1963254320302692,2.29994190194205,5.788828070719219,28,2,6.057964662924452,Medium
4.950878533477017,3.708896223619565,3.639116805444068,0.0,7.730764119066524,111,7,11.000149855189704,Medium
0.962286120013589,3.384044601470813,3.6777008140764407,0.4463175808536459,7.014273067836434,25,0,12.983846405743195,High
4.279681472154142,4.474036475918271,1.4464117582920055,0.4321970784208069,6.046060580603355,48,4,7.962562537884953,Medium
3.0073203028474182,5.498211666693865,2.5689830791852755,2.4503075919735755,6.59296368707322,77,2,19.089532681841668,High
5.278650002194336,4.521555097527195,3.628396623128538,3.2106133725819253,7.686318456956701,36,1,14.788956871619543,High
2.811218892350949,0.2386886530025318,1.6208722590125129,1.3955507814625283,7.105894453115234,35,7,3.232958918922466,Low
3.827895337799652,1.0806345498964478,1.7964196398976382,1.3311782768099891,7.584412980472484,106,2,7.076412106559856,Medium
4.757480918470685,2.0627721334564817,1.418319086051356,1.5700521631131814,8.976440584515485,114,6,7.956905844510332,Medium
5.298632791255182,3.0391365753162507,0.9852432693071332,2.6618783026081907,5.435758388288948,22,0,6.03194547292681,Medium
2.199555389416336,3.7764885307036846,1.350722454933993,0.5726468658094259,8.617212574968624,40,5,9.425021391302709,Medium
3.498248146238577,1.9113842802698016,0.7760597332377435,1.738368982734785,7.104355937523213,83,2,7.366223906507922,Medium
3.2875820332585657,3.2801501467156173,2.034083468259226,2.47519762978243,6.101215951676872,109,7,15.080447705497082,High
3.020006151139432,1.866925601470016,1.2300267689413582,2.001094169939845,5.66968637426101,55,5,7.801070469522613,Medium
6.6481813604216455,2.0827232955120776,2.233785911790748,1.6895816165987434,6.810879609222966,105,1,6.173016651275297,Medium
4.607472566441434,0.8900083547276667,0.4441043537963727,2.501046092567141,7.92165011192446,81,5,4.587056575622023,Low
2.1086740684974323,1.6151501308336436,2.330880232214457,0.0,6.872450879622466,61,6,6.613609507242824,Medium
5.376792920582164,0.9724730915754995,2.8335289616089248,2.177875319530908,8.511154930247347,95,4,7.235800883752955,Medium
7.18323429551895,1.536190120534001,0.0062643574285445,0.8459243168725762,5.548824309948441,61,2,-2.951226032322454,Low
5.54869789082672,4.580462694911759,2.374056569847572,0.0,6.987911052153946,80,3,8.398963408354797,Medium
1.7209450510689797,1.5759016667520855,3.2276689924732924,2.0112025995249807,5.747606555586881,32,3,11.034294444660604,Medium
3.273648890700623,6.948573097256086,0.7903589813087946,2.8736585451629577,7.363631882624968,30,5,17.419528420750346,High
5.900366723779934,3.739976851321334,3.672572386837704,1.3625514853723082,7.8868873900973,73,9,10.513365167973935,Medium
2.938495801571829,3.277254185542311,2.4190190093660453,2.452874547202939,6.579238206318947,35,0,12.431042277181826,High
4.665729142219343,1.7124633297281795,1.2949881442415911,3.112278257988645,4.395786143372866,27,3,5.943371678467023,Medium
5.161951080144005,4.050464819113487,1.944230922342294,2.814914453584048,7.198948146796495,78,9,12.804178308692505,High
2.6096042926328757,2.136543260643339,2.5583269125217223,3.139964529371393,7.43673855173351,76,3,14.276099509862732,High
3.9107119659073,3.1830147219680422,2.076005391412412,2.2421274910718925,7.404294754961698,59,9,11.048224564337536,Medium
0.0,6.840126807403192,2.538755992446369,1.5754336389015928,8.235782191822153,78,0,24.539254881279128,High
2.463418537998565,2.8559101504130253,1.0793264069206336,0.0,5.928946320350951,21,8,4.685682104209153,Low
3.62114777291026,4.723909989428513,2.1693608240360778,1.253937511870051,7.68021610545045,113,3,15.428014579285854,High
2.1283252270527258,1.945235362311169,0.5862855030950198,0.6567534046838083,8.192507512477976,113,6,8.540917948053396,Medium
6.448616955897453,2.9475172642545573,1.8887739386513,3.6709427174978138,5.221412415993483,95,2,11.147155437635512,Medium
1.8547879330590509,5.656200953453265,1.0960923585352105,1.3241141875676634,7.319651825918977,29,9,14.272586920256096,High
3.3399332699545243,2.059549413318349,1.2644700574102334,1.6232048067844858,6.495820168992329,63,2,7.402313621389234,Medium
4.196110865929137,5.718672836995394,3.2360931752104376,2.051485376040468,6.918477326898354,30,7,15.600289889993672,High
6.161909933599173,4.061627903183213,3.091310120594269,1.5436024463724538,7.347676483538336,98,7,11.504560979603978,Medium
1.8462067732308407,2.1562998361585985,2.609138120907177,3.1950510404307533,6.512771435886448,99,0,16.797098774693207,High
5.744745628232439,3.948611608583281,0.907687235327421,0.877350638265548,6.324291920838388,100,9,7.3963369043401315,Medium
4.015349591529381,4.458831674440095,1.683591550305198,1.6946074552372428,7.034152417488024,109,1,14.2592411975184,High
2.527737023428074,3.932714943325794,3.213097699979184,0.7575294143019518,5.912754061137197,21,7,11.458529730082155,Medium
4.693155211394906,0.6446629201643153,2.141716913639905,0.1799774887792942,5.914174871114815,69,0,1.2721233712547164,Low
4.298589543360205,1.909294236262697,4.319329539981695,0.8882309090947146,7.679373282956504,31,7,7.176160285647059,Medium
3.099674684261808,2.628722046672743,2.393317839394372,1.462963202951588,5.851205964841344,109,7,12.573835231947507,High
4.1047031274850285,2.8883498563499304,2.192049116490032,1.07069777548274,7.666312500909212,42,1,7.149114247172845,Medium
3.42202960470736,3.931008146326017,1.6908835357974987,0.807579020126144,7.462591292853951,37,3,8.73045522953953,Medium
4.170276017876872,3.266551501399881,2.1335409047822824,0.0936825363281661,5.274193271209404,81,5,7.715365405814209,Medium
4.99319601178157,0.996983461934848,1.847530163619456,1.416894427371305,6.322435347664345,115,8,5.859257006369136,Medium
6.379025224218028,3.570296776508945,2.7081086766885907,0.0,8.194109403047372,81,7,5.684218731723735,Medium
2.1432767517597267,3.915878617925735,2.9567023167945843,2.2600559636896027,6.018834468860319,57,7,16.422007510782965,High
7.1995500619844,3.83968567189656,1.2140105394920506,1.5824397529345031,6.535595737690612,86,6,6.165941565923601,Medium
1.0718683007162473,4.621171088331932,0.668767046442222,0.0424485005350694,7.462060893251897,57,8,11.572587296322968,Medium
3.772322357446625,4.250883231823356,0.1637946268967034,1.1907909229501366,7.7833905092825955,86,1,9.770556713722105,Medium
4.882475809726865,3.688770118842655,2.507991326912544,0.7478435944094168,6.748461113955504,113,2,10.961500702282663,Medium
4.421487801602549,2.8947514328120296,0.8966333938261264,1.8191745104191803,6.402489805308359,80,9,8.140570274797787,Medium
3.065950720269109,0.5085585997260127,0.0,2.8404504460231443,8.422369861698508,20,7,3.0990920110946503,Low
3.6878166244640873,3.644427328698879,2.3885786045309643,0.0,8.738899663797579,113,5,10.989997627498076,Medium
3.260498598011751,3.311531530744667,4.492999517432791,1.6150260791474171,7.978858050781795,64,9,14.901866598915728,High
3.115952864583683,3.40736825579306,1.9939290884601064,1.3398672044333595,7.085318142565024,115,8,13.561435256267476,High
5.2744031455315366,1.0848771362695355,2.8384907744516417,2.171340076450466,6.191734278359074,47,9,5.208565868820161,Medium
4.535523228947571,1.3784151893876064,2.081829358547565,1.7131966282376891,6.169555593443435,40,3,4.502682829650583,Low
2.960635607109019,4.579729279999356,1.9011103468088573,0.7480306682611809,7.522514105265757,32,7,10.66623200607083,Medium
5.349399813149876,2.9406672692150173,2.9190764829877685,1.1809460643333818,7.418398220888684,46,9,6.897741671853636,Medium
4.460949281314914,4.022251046058937,1.7097254558113486,0.703974143196511,8.40159859294643,119,2,11.275614640255547,Medium
5.21929317825844,3.042477564195692,2.267392314071903,2.576007138598598,7.650450092536139,26,2,8.109118109308774,Medium
4.944443262885418,3.044634209243618,2.3216978061960134,1.5213116486719422,5.496919698240182,41,7,7.247773530797014,Medium
2.7565074836168915,4.407425708963997,1.3319095463569512,3.4011906857530074,8.051947617722918,93,4,18.1303358835441,High
3.159728439704545,2.225932907673939,2.992042349536523,1.4393391861853793,6.001939372685587,72,2,10.679015052466603,Medium
5.120940407684893,3.144181165411475,1.8250402433045916,0.7915932330895372,6.616028728047649,98,9,7.827698550431573,Medium
4.915555398150198,2.3065870669424364,1.2442548405071552,0.0,7.250200206251694,98,0,4.006223297420309,Low
3.968647609053778,2.3482556588515267,2.5365098435704034,0.0,8.995667489783964,23,2,3.698304669477993,Low
4.175991074963173,2.536241814797041,1.1015320182089627,0.0,10.0,115,8,6.210795044462766,Medium
5.916497343682638,3.3332006574505693,2.0281811573691284,1.7671266510114834,7.606723059136183,42,4,6.468180337453839,Medium
3.112642916746255,2.281877067504784,1.9908810033557964,2.0087250232299336,6.8168033812796125,89,9,11.348561311383747,Medium
4.820646071755057,4.883634188360281,3.085895565831578,0.0,7.53450564848055,107,1,12.515142617835345,High
3.696711021349159,1.658089046670744,2.4746982328799527,2.395038314076116,7.887655425873836,103,6,11.42323553878991,Medium
3.6734781951591695,2.7196925337579616,1.974973041254856,1.0169389483165605,6.679332374442808,103,1,10.075505233292574,Medium
5.648165277980786,2.3404034125887376,2.817766299200287,1.6467930119855494,8.795211355912322,95,3,8.478794380977828,Medium
5.238124523482044,5.1704668265306,3.3902075490173136,3.1122206282554243,7.230070759191402,52,6,16.393499447874955,High
5.220264454000958,3.294832164767362,2.557810306351862,2.396839315865532,7.497743089091394,47,3,9.739661739792146,Medium
5.958218210731493,4.547766809202953,2.0103526198433808,1.2314693520941675,7.665924252054461,27,6,6.986673936262074,Medium
4.031505762449139,0.7716594404445418,0.6881637676498404,0.6088077745847126,7.421586610614455,20,6,-1.254078562140438,Low
5.022929456942446,3.4005753988038885,0.9348863369246274,0.0,7.838940500469612,56,0,3.4690861175810497,Low
3.534599865109816,4.334446193435156,1.6947752956453324,0.7808466807575799,6.3827468134530765,82,5,11.570848894188746,Medium
4.486249528732663,3.1234259839131364,1.3904877978407169,1.2888697611723057,6.44169824605397,41,8,6.230948893832967,Medium
3.804785418448473,4.598220562598026,1.813028697014554,0.512820472848816,5.899845767028305,89,1,11.684446988742806,Medium
4.1454939474890775,2.224067324849442,2.056649924897107,1.3687430329076953,7.439501230620227,40,2,6.052354681626318,Medium
4.89273553815537,5.114021160278369,2.5296927543567307,1.5768518829587683,7.778936503512114,115,9,15.587181910776318,High
2.7726689751497915,6.448347185428876,1.929501221940909,1.2751440181919214,7.457772866151886,54,4,16.88223077742827,High
7.13858091352819,2.4557421593405118,2.4865016438262018,0.8499974191765403,8.674492433347538,98,8,4.533360252481122,Low
2.490973927750447,2.3317462178988424,2.06447441481012,1.6686546719667277,6.9944039811709535,24,3,8.561052510320652,Medium
2.178717080818401,5.180076715676552,0.0245334336461287,1.9419406495694087,7.668741655592512,79,0,14.96275925973351,High
5.737166310250101,5.369358218596068,1.0606646061812457,0.4096009225571539,5.908299123860686,65,3,7.7931657262031635,Medium
5.187494040944404,2.215709959270097,1.8559124442783843,2.91093237974627,6.612900297525599,69,5,8.705912283033706,Medium
4.936179725578233,2.369719774356214,0.7903052571588924,1.4014118677157383,7.695537757565777,67,4,4.673451581514894,Low
4.94251826389642,2.577323086709239,2.5999287299962046,1.5188496229448476,7.849102110743144,25,0,5.92846111845785,Medium
3.981629840729628,0.9833242334485846,3.5307508323436974,2.2082144232565573,6.706033052335818,108,3,11.106758800831388,Medium
2.654118442771253,1.6220220802737026,3.218761851697317,1.7332161312635015,6.928400748141933,75,5,11.307441536463504,Medium
4.113706837290589,1.493788849871898,1.786557129069792,2.453136633913245,5.482126253319191,78,9,8.303126405239091,Medium
2.9842574327318325,1.8483036523438077,3.4907261368499523,1.7871241652018242,6.642970799193391,48,9,10.430558691268445,Medium
5.462679600126627,2.947972668919828,2.1486674572021114,0.8875626253595621,7.890383163519786,90,3,7.200052374172007,Medium
3.779413927746792,3.351322098804781,1.6629140288819606,1.8615035252061016,7.575205016106566,96,8,12.050901399724516,High
2.7617542048112327,5.325750739221116,1.3865973364590602,0.3562737926793382,7.50066572138121,37,4,11.151313761272649,Medium
3.51792123752051,1.5024689388918135,1.6975303135118716,1.608559705776523,7.04977368718096,21,7,4.541470903323717,Low
4.6193971814134365,4.476483597714876,1.6118231814587711,1.4667700093555391,7.007063158628177,27,8,8.72514621420883,Medium
3.154413170794038,2.6790167336617365,2.170416222375488,1.2918831427274604,6.339678860526553,94,9,11.16580433015057,Medium
2.7666694066503528,2.9258044355213504,2.1605739810498648,1.3714624885610691,7.698828420202535,116,4,13.485390709764108,High
4.365530817237868,4.012229238249906,2.0030460201534144,0.0,7.42097294438939,73,5,8.13073128087313,Medium
4.367449856663084,1.315916967656552,2.43693816974635,0.9512750922590384,7.492018847992799,57,0,4.48861658945608,Low
3.2395852369433054,3.573614619276076,3.1906462747863413,1.5928449011411148,6.47396515733242,67,6,13.609510597598934,High
3.293442541572516,3.2496783123195843,2.949554135441324,1.6598563919974003,4.846657080128756,46,3,11.60323679943718,Medium
4.348074906036454,3.738676896012224,0.5151020315500965,0.4723248590740418,8.097152711753695,39,1,4.622544198442995,Low
1.827873487754014,3.433752965861727,0.0,2.7657078408647005,6.521162543991596,31,4,11.207111381821836,Medium
1.8888043384351676,6.682950209866341,2.9343199112392737,0.6338251517854991,6.13722423595688,62,2,19.30182408250984,High
2.922333668121346,2.043390023623026,0.6331213015845789,2.469457200526737,7.693478911913994,80,5,9.591875898494374,Medium
3.679829272432229,2.2035045674972737,1.7752345981073163,1.927194361871685,6.607987360080871,50,7,7.904505847250548,Medium
4.466361348397007,2.0652892103628533,0.8298869739406405,0.853772690156197,8.059936384046622,110,6,5.883412239353552,Medium
6.213034325424328,2.166784321259618,0.1980195624199803,3.275310892609512,7.617005949576697,115,2,7.611668283231738,Medium
5.286489434803029,2.0439193090402235,2.541462728204788,0.3063631682435199,7.683569323200477,80,7,4.5830248946701255,Low
3.76009220505486,4.783524796661328,2.759155160302647,2.4191541736100017,5.6340442887994655,93,1,17.55395237341434,High
3.971475688145967,5.130756371984782,1.4234895992732806,2.5005823180429783,8.2119439853864,86,9,15.740698246746494,High
2.4962059530432867,2.143880559375785,0.0,0.8293797909233551,7.261250531233856,110,8,7.702211771033351,Medium
3.972230296011415,1.751466640343657,1.4537555517475171,2.892465300064329,6.630722860753797,54,3,8.210151764420125,Medium
3.567012041619793,3.707123334579606,2.3918040054025465,1.2499534854010472,7.143388467342251,114,0,13.851341585635437,High
4.484077840507134,2.1716654335785432,0.5210884312258712,1.788693629279857,5.22376476710168,34,7,3.6762340117949055,Low
2.759153584671516,3.9493977266332654,2.183359919779156,1.7603218387712207,7.408652811480671,35,6,12.305748633470431,High
4.779019771361758,3.3043845312769493,1.9846901508270045,1.3656912585294525,5.970628491817928,32,4,6.748657148810671,Medium
6.299108369503866,0.7263838275041521,2.5792914996010885,2.310808273159782,5.647329714156466,54,9,3.194658896473703,Low
3.8368597773147135,5.321257801995093,2.119580368414153,2.293488720552213,5.477640813782109,94,4,17.353573931743774,High
4.602567583148412,5.693816509643282,1.0269310591184446,0.0,8.112688374989926,78,6,9.924178233241616,Medium
5.035215987566669,2.0808169642734207,3.1965715016644918,2.8043402428781525,6.370736606307212,40,4,9.01234768544988,Medium
3.3981692921712456,2.418447660096024,1.84147042697303,0.0,8.5337277099165,73,7,6.151847022394724,Medium
4.336138722715625,3.4287980860873573,1.972695460490068,2.5325462043416573,6.464198536947702,94,5,13.077523687519692,High
4.0188886011726925,3.5016851849805377,1.066732040926804,2.6267051368275838,5.292642042407053,49,4,10.278545803247408,Medium
4.146514147823248,3.9878164090092456,1.5567177488084898,0.4090335697848017,5.883475560051341,67,8,8.259005359065956,Medium
2.8404853242168,6.015306808149525,1.1151972859730992,1.0891857120454151,8.235811620006938,54,1,14.32105298302433,High
4.036765261388414,2.734579158758926,1.827053940076577,0.3942953315140642,6.844101822063332,105,0,8.193181998578224,Medium
4.746997436868175,1.8025541331923196,3.711708480142344,1.2850789697112646,6.451712703509399,57,7,7.47233277071842,Medium
6.176715411692562,0.9310211579782092,0.6280988570686437,1.1919657158142587,7.160018225852788,50,2,-1.5769510843509424,Low
5.43890623912781,1.9036049400871211,0.3864386021232588,2.27966053226934,7.501782736167545,97,6,5.637829489206098,Medium
7.229773686267334,2.9503095406893043,3.4711703274936085,2.8103087461196083,8.117398815902462,43,9,8.033331535457236,Medium
2.848978655667926,5.691836795276681,1.790676322848134,2.895683810789956,8.448499229892926,68,7,18.98758771290359,High
5.308480955081017,2.223583051445743,1.330927261340083,0.937831973421698,6.640231354210914,115,5,6.106499509123481,Medium
4.275013008607528,3.335681927458348,3.0399046873960764,1.2907781262554725,5.673952313917962,119,9,13.350257625610464,High
7.284704399826508,2.975365655890872,1.394384460263136,0.0,6.586534838876724,51,8,-0.3347485975633137,Low
2.787552571967273,4.782589910172126,3.826009713546936,0.6941299335038112,7.260280506582886,74,6,16.211125399721368,High
2.740417236728836,6.790398638810433,2.6779258713392693,2.464851633097457,6.036241073789389,98,9,23.31676349573143,High
3.1009110318339665,2.2036968406195188,1.5120885918542974,3.115582823548232,6.042849085104957,77,4,12.105325668366,High
0.8141564135352897,2.265840836222667,4.157308213265504,0.2656511281200779,7.343787881549885,118,7,15.97771162828081,High
3.2113674674788584,4.566241315603608,1.3942850769966617,0.9075357408471058,6.951347648429548,22,1,9.32193052717813,Medium
2.861301007669453,4.022837234439467,2.742095372009307,1.473594243041073,7.032796995411586,99,6,15.76405450147086,High
4.225590679714312,5.77006098860405,2.299292580406492,1.780161158819607,6.241504665299931,88,3,16.610997145885584,High
4.512633963665739,3.875892277988946,3.301741289398798,0.6903964800783539,6.769599285794233,104,8,12.516238504734186,High
6.814256258823829,2.4610618638194106,3.561511196726853,1.9240610444640895,6.075766855731696,29,0,5.341128223421535,Medium
5.425635757279076,3.885982246038464,2.0320041490657665,1.026160652929084,7.890198411124786,102,6,9.833838385615133,Medium
3.134644516506396,4.663055370874361,1.2465821296538169,1.485547729121721,8.035249334723753,44,5,11.665112619713296,Medium
2.652377992977464,4.230723271796046,2.4599721429391166,2.0462842480037,5.153812137761906,87,7,16.615406264541974,High
4.737878757259758,3.7609110466609454,1.322284630247894,1.5064222698109375,6.07048913980759,80,4,9.41127544242597,Medium
2.019650189469037,4.600012034383731,4.013387247526623,1.0636141094734315,5.5034707449099205,48,0,16.7178578748007,High
6.747188148781531,4.753943385668509,2.136535331082737,1.3903901960741691,6.3499760655931015,38,0,7.272687936937167,Medium
5.769160181081931,5.07323848655629,1.6346784486878914,1.4116370407946648,6.916562030209639,62,8,9.86802845611085,Medium
3.2962365218429426,3.973064831384464,2.184680305864908,1.1299889701178722,5.55035478030147,85,9,12.78877327903762,High
1.430298206363684,2.7493228795247187,0.6528737104703035,1.2412039373328976,6.078140186874687,93,5,11.464916889875164,Medium
6.03080856124812,3.220070529649984,1.0283859614893485,3.0986471705047167,5.996042627918501,80,9,9.133801500671243,Medium
3.828190232121073,4.809763449762535,3.2004139079444256,2.060919447941239,7.207267329398943,62,4,15.89970130914258,High
5.856724467960193,1.7745964935191458,1.3431057210286044,1.2045196819708397,7.0693443370362505,44,0,1.3878042305825868,Low
1.6083585118084494,3.553009963309352,0.9530890173180604,2.196954404510736,6.278262446662747,39,5,12.467024493904592,High
3.1009374655693405,2.409991781508959,2.536652752527286,1.16618051024399,7.176820872139398,67,5,9.655917513942816,Medium
4.007865549577275,3.043117234402226,3.185704154662997,2.6731246375866413,6.453319915412735,102,2,15.29924165160632,High
4.070470890647113,4.917677793910948,2.718953310665067,1.869642192198094,6.728344889673947,106,7,16.847363602245014,High
3.324901792781134,3.286648602029855,2.9960476858058165,1.3926978559957712,8.673452090298538,43,0,11.015411755588271,Medium
4.934274898521248,3.0696548222342237,1.2432049114305392,1.9477169258102776,8.340461051790347,30,0,5.99813851545294,Medium
2.3985693559261083,0.960215788530121,0.5781893332581562,0.0,5.700418763072403,117,5,5.039861543058314,Medium
3.78643077246806,4.119380349040831,3.5013336519554867,0.3732325310901947,7.829732417879175,74,9,12.257580079493192,High
4.180443447567848,3.968226271711613,1.6773201611578643,0.3060749936009446,7.811396554491592,47,0,7.14391760101014,Medium
4.771658251088123,6.24488208495819,1.7491669835449526,1.6429430947637067,5.851736711247382,88,5,15.641913458129038,High
5.067422317133335,2.5383326475704986,3.3281941418490577,3.232514999485092,7.818777643754861,82,0,13.032853031184768,High
2.3130368622431963,3.3287254914959084,2.55623000940066,3.731300146192632,8.537931918412554,78,5,18.384840996113272,High
1.6988287438965664,3.3740755255661328,2.455887772081608,2.138051101440757,5.877455193755586,24,2,13.35984179629134,High
5.916515232847764,5.366179919645211,4.165002344901084,2.000844474944457,6.0824971789857365,70,7,15.60677945725932,High
4.498471017969387,2.857056701419572,1.356481769619857,0.0,8.017661466843503,40,5,3.001129530314847,Low
2.8772701951651696,3.4185322886555087,2.927840128081237,0.9573262002659784,7.271495310825648,31,0,10.377571877217076,Medium
6.326727963283784,3.9118447645748087,2.0570131248970847,0.7122162480917611,7.551476275239523,69,4,6.293549767753092,Medium
4.173511951439288,3.279913684734537,2.268592278863257,0.879152401748884,7.340589216400497,23,7,6.610752664102797,Medium
5.768945776095739,2.330349578174208,3.528468426412532,1.3318561814152103,7.390695920928144,61,2,7.013695494654026,Medium
4.101277722115164,3.2911349893474613,2.507835756289624,1.0279094223028726,5.673527871688917,103,5,11.397925874562358,Medium
7.091121887322981,4.610447624789658,2.538296079049633,0.0,8.047317706621449,57,4,5.241656537169295,Medium
6.633011263664807,1.4602270508834096,3.072507337309802,2.247910256117534,8.169589992427774,44,5,4.275518724469379,Low
3.62655377728139,3.199454511220314,1.6350472704571146,0.4272569742601935,6.770609255931972,33,9,5.916163210724601,Medium
5.457356426431533,1.94981877759124,1.1607903326609936,1.7392468641111496,6.956523050186138,94,0,5.633282142748971,Medium
4.968063924377722,4.792569943387264,0.9551908059789664,3.574082669749973,5.468892497444278,51,6,13.263995548676345,High
6.052947336298523,0.715219642824338,0.0336434106239982,0.5806154084135766,7.514254756017835,30,8,-4.937285786035957,Low
2.5526148091298437,2.161617229092617,4.056207129940322,0.0,7.572057441714144,80,1,10.578622939400953,Medium
5.029077189997659,3.565817812596781,0.8967916342783169,1.2139957781198891,6.937808983000689,37,9,5.211198847854328,Medium
5.587636730274381,5.348286043851511,1.778746376414228,2.600959634998571,8.124353359870502,46,4,12.485155826909937,High
1.361890770365329,2.901374608390518,1.7231867001110794,3.458347454220594,6.665922769020059,74,9,16.96138801984085,High
2.2251122310013374,2.1672007099602024,2.307406697809101,0.2704504055475831,7.5646059258936,73,3,8.648743931227216,Medium
0.9411517333598488,5.821735604160885,2.8157372125392968,1.9966992232365215,5.980335661307884,101,5,23.498747873563985,High
3.595889748333163,0.8279791493756341,2.8604734883597454,1.0346895432199466,6.976447849125762,106,5,7.922212995231037,Medium
5.076313383693943,0.0,1.4169225614310617,1.3940516456958645,6.825645742097164,94,1,1.9990170579974065,Low
6.253535578144042,3.660021675079999,1.8328782862135884,4.144343347017035,7.225307922040941,40,1,10.977744106298386,Medium
4.111142170629663,2.246918663471084,2.2825799504883,0.0,6.630473071166642,63,3,4.900993996730122,Low
6.442923318356938,1.4681507743039302,1.7513088738164528,1.7537396614945735,6.868527404328332,24,0,0.6063592047862798,Low
1.929847812677663,4.06253467094903,3.6073455760199926,1.967693171765433,7.826047171441506,106,8,19.87670233044242,High
1.444926340967268,3.3657010706567982,2.4909749516382518,2.585786324939347,6.563235762761782,60,6,16.472047707198765,High
3.916678451655072,2.1538820538949075,2.734877786049817,1.5979831534708957,5.393422899261321,78,6,9.631029416323724,Medium
4.576098173408961,1.0795434019936585,2.662881268667413,1.8080505395041024,8.749583904205421,108,2,8.3053625258832,Medium
3.950957877858861,4.308685992420217,3.173473857485325,1.108351432578209,8.381454078690487,73,2,13.317848819436549,High
0.8988368499401851,3.9753017669379913,2.1810215587037067,1.7691269412451074,5.707737304894382,93,0,18.06213447951148,High
3.8663199407308175,2.8512362043309256,0.7031680520441534,1.1568077245025896,7.689707805245194,41,2,5.321360024637036,Medium
2.04329574924272,5.769955494071499,2.3996879517526417,2.121571889856051,6.497025229448657,102,2,21.417643071619985,High
5.004508823245057,1.394872850510771,1.348643106208171,1.130389663956366,7.263487215331059,84,3,3.766726453378945,Low
4.549897369145272,0.711712243612892,1.4713833182502432,1.8771003939021864,7.294224129013494,83,3,4.709854198687613,Low
2.590180320508967,1.9621378951781332,2.586364018755093,1.4707371863150216,6.765592199683678,90,2,11.3600257103555,Medium
3.22919962399496,2.9316209754667533,3.238283071433636,2.626050250772168,6.216234334413604,23,9,12.278967623635856,High
2.4111797171665725,3.365009173984037,2.0212715767360616,1.4486062764115135,6.309458947683741,84,7,13.242368690145334,High
3.905981354090242,2.638145913215505,2.308833012598964,0.0,6.083808084518758,34,7,4.580569314194093,Low
5.432713480751858,3.528083094771445,3.702214944635238,2.761921500713992,6.168177791769555,95,0,14.734261386795946,High
2.5214109304966845,1.1226908637143338,2.240753179488568,0.5942676991373811,6.932821709950645,41,6,5.062930499191257,Medium
4.756069773276766,5.165646906109889,4.601683114180394,0.8462336613511802,6.284240010889248,105,1,17.04218114627758,High
3.204613572441339,2.876773232411147,2.5655096456315443,0.904338705956508,7.68205206571262,66,0,9.903567986520615,Medium
2.810690751606484,4.675943747382192,0.2392372408441823,2.8744380931708173,8.487246155335928,100,2,16.243583414962565,High
3.839454460068163,3.5140880195665565,2.7533416211045325,0.0,6.419946758629957,112,3,10.999006780687669,Medium
2.447136516370939,3.685129828730676,2.3811583848827778,4.637748533659994,7.239404500535377,65,5,19.796789527549095,High
3.169526041979227,3.854650920348306,3.2897527540827456,2.556056809066052,7.499685110302934,33,9,14.65175552698399,High
2.203183161116727,3.671562840025973,2.6731813512699585,1.7232389141291595,7.472002270919274,69,4,14.94460079354011,High
6.947087699374584,3.964084139801316,1.8615440160162264,1.4451059993837136,7.075955267916087,39,3,5.140064753332522,Medium
4.052895327957593,4.993728795198647,0.7757017637106343,1.7855540748576568,7.742682418359722,69,7,12.09277539374217,High
2.950411738011121,3.294781754552205,1.790976742713975,2.0211224283793383,7.482248952680657,52,3,11.492655872917368,Medium
4.320969866101333,4.063505636382768,1.1494795457907,2.145215585950057,5.762337577672702,78,9,11.5602069641997,Medium
3.831507925463755,2.86539645856916,1.4194765501952773,2.0556044660034485,7.869156064389273,62,1,9.3239547862425,Medium
3.6685456007001656,5.160175823174209,2.588578404420609,1.5895806812552489,7.887290837266742,98,2,16.779562214439586,High
4.9212500500651375,1.985411546911096,3.6699045043514062,1.302661579692674,6.236713895821419,31,5,6.249127934636944,Medium
5.136261565070958,5.701410649366224,2.3946715298229813,1.3487267163464882,7.037937835447602,59,7,12.93788967855346,High
3.204248278584209,2.939763074033485,0.8041169379648156,1.305091719647319,7.683328992811069,39,7,6.839512576432517,Medium
3.1362726390329803,0.8538373468229277,2.4446026682201407,2.6337700968670648,6.790686180420638,113,8,11.587709931160726,Medium
3.587422454272534,3.192156622366184,3.196631486645651,2.0935567222808618,8.072978047766012,57,6,12.835240237853768,High
0.547118252896623,1.9784225137876787,1.390217095680618,0.0,9.36387249461936,22,1,6.32149329175135,Medium
1.7272134067021714,4.260965323483086,1.8659828333270825,2.155900776529761,6.214013967365018,47,7,15.391886339963062,High
6.050311401166788,2.0210640310464134,2.014688194729197,1.694736194718775,5.618955396846225,75,6,5.128165641873991,Medium
6.467451570251925,2.3307248501778304,1.21510168691776,1.4812912435541026,7.303818595604875,109,7,5.195507362462619,Medium
3.626445940665433,0.1656889035817035,2.6482804338438592,1.111481546911114,7.721562505126143,113,2,6.737092640753275,Medium
4.864835444583649,2.321540521126385,1.8790518513922183,2.6241127199860133,6.769133626155231,32,6,7.01263109243765,Medium
4.466875231815304,0.0,2.419532443907028,2.447526462122858,8.453260663321034,96,9,6.624038742383304,Medium
8.618321212682856,0.624145764771415,1.1125078221979,0.7271223321763909,5.661394200276751,85,8,-4.306183891831822,Low
5.679362367151866,4.1406219842164464,1.5625416996765895,1.907052287124535,7.692918623031611,56,2,8.720117541469047,Medium
3.80812361277885,4.178700237976249,2.722381357827772,0.528343265458714,6.394139179241106,68,9,11.185473624443308,Medium
2.5666893390993613,3.638186342677447,1.627166847908233,0.1203818352110694,8.719377906207297,85,5,10.35785261899034,Medium
1.5903305196136412,1.5495357853061806,3.726963851233405,0.8732827754100349,8.992515353168118,55,1,10.800587118862076,Medium
4.305195453800835,2.9284329657870303,1.6003638143853975,2.3623934723827587,6.2333434122166524,73,1,10.174405417216423,Medium
2.865473882073545,2.9945961913641472,2.224684725751886,2.453125045376087,6.45044286409142,45,4,12.184258738997984,High
1.8666194356034889,1.262452966211186,2.9325908318730898,2.013085420097293,7.859587886979802,94,4,12.85003386702136,High
3.03014067363621,5.255097452650726,0.5816342670669683,2.225095786847997,6.612869350210485,91,6,15.837626869143582,High
2.3776779945784074,4.316043435863508,0.2391911880192241,2.0161782871149585,6.954588782067762,59,1,12.406713236118158,High
6.530712452608848,2.668553739255504,0.4743436854299052,0.8585184047770478,7.02538842054241,62,6,1.0695911372966886,Low
5.322459635424176,3.040328758491796,3.262584103427182,1.9319225446739408,5.080326843802344,41,4,8.904689308335982,Medium
3.988041038025074,3.3125742119213286,1.4481418541075533,2.3004095252276824,6.986162253905762,39,5,9.36611869842174,Medium
6.219916208335039,0.0,4.558199285668252,2.254291329813574,6.310272225935826,27,7,3.366007275626968,Low
4.116052461471427,2.6292339262191047,1.4357524013426115,2.688913371474643,6.506877177600228,48,9,9.015844505194272,Medium
2.7080736980076043,1.9770236280033024,2.184551303197037,2.208303847201064,8.443632003468814,59,3,10.53537135819288,Medium
6.284686115904486,1.4975699851576267,3.542109952567876,1.851448207541583,5.743493105720743,109,6,8.034172140393503,Medium
4.8083650655269885,2.578349560671068,4.006092888159123,2.5701502383164274,7.813205186747977,49,5,11.54359133192319,Medium
2.4441307685103157,5.696529790274283,4.061503576636397,1.47347874075094,6.721037069668191,100,9,21.76607627423957,High
3.714491982874588,3.9612642919005143,3.208366230593142,0.6181253487722822,6.720239831504165,103,1,13.549590652923426,High
2.686572619922864,2.143231515325805,3.0240625258114626,1.336933036056236,7.790371896051711,74,7,11.16656396159698,Medium
1.925800403553496,3.8588741720342377,2.592526949201183,0.7550973551935509,7.34005129456889,35,9,11.978032872927107,Medium
